,"Data 
month",Data type,Nationality group,Nationality,All staff groups,All staff groups.1,HCHS doctors - All grades,HCHS doctors - Consultant,HCHS doctors - Associate Specialist,HCHS doctors - Specialty Doctor,HCHS doctors - Staff Grade,HCHS doctors - Specialty Registrar,HCHS doctors - Core Training,HCHS doctors - Foundation Doctor Year 2,HCHS doctors - Foundation Doctor Year 1,HCHS doctors - Hospital Practitioner / Clinical Assistant,HCHS doctors - Other HCHS Doctor Grades,Nurses & health visitors,Midwives,Ambulance staff,"Scientific, therapeutic & technical staff",All staff groups.2,"Support to doctors, nurses & midwives",Support to ambulance staff,Support to ST&T staff,All staff groups.3,Senior managers,Managers,Central functions,"Hotel, property & estates",Unknown classification,id_code,Name
0,Jun-26,FTE,United Kingdom,United Kingdom,1038806.31,540648.67,95113.22,47246.21,1632.34,3639.96,66.39,19100.02,10358.9,5305.43,6451.46,623.32,689.18,249968.38,22530.94,20664.77,152371.36,317912.85,220715.04,23519.33,73678.48,180119.79,12447.16,23395.29,94134.9,50142.46,124.99,GB,United Kingdom
1,Jun-26,FTE,European Union,Austrian,490.38,327.4,83.56,31.76,0.0,1.5,0.0,18.84,13.52,8.68,9.0,0.25,0.0,158.83,14.29,1.0,69.72,112.82,85.02,1.8,26.0,50.17,2.0,1.0,23.43,23.73,0.0,AT,Austria
2,Jun-26,FTE,European Union,Belgian,540.2,371.3,141.2,51.92,1.0,3.0,0.0,41.41,25.52,10.0,8.0,0.35,0.0,149.82,15.53,1.68,63.07,112.64,83.93,1.0,27.71,56.26,1.0,5.0,19.2,31.06,0.0,BE,Belgium
3,Jun-26,FTE,European Union,Bulgarian,1261.39,600.61,177.62,72.31,7.24,33.43,1.0,34.09,20.13,3.0,5.82,0.0,0.6,230.52,20.56,3.0,168.92,422.08,286.99,6.09,129.0,238.69,0.0,10.6,70.19,157.9,0.0,BG,Bulgaria
4,Jun-26,FTE,European Union,Croatian,328.47,220.98,69.83,39.98,1.0,4.78,0.0,13.13,10.74,0.0,0.0,0.0,0.2,112.88,2.72,1.0,34.55,89.89,54.62,0.8,34.47,17.6,0.0,2.0,9.73,5.87,0.0,HR,Croatia
5,Jun-26,FTE,European Union,Cypriot,458.96,378.02,257.62,73.37,1.37,6.0,0.0,86.44,51.44,20.99,18.0,0.0,0.0,27.53,1.0,0.0,91.87,61.75,21.75,1.0,39.01,19.19,3.0,2.0,11.11,3.08,0.0,CY,Cyprus
6,Jun-26,FTE,European Union,Czech,735.49,394.49,115.28,70.23,1.93,11.14,0.0,18.74,8.26,1.0,2.0,0.2,1.8,156.27,14.85,6.3,101.78,210.53,147.37,3.72,59.44,130.47,4.0,8.0,48.49,69.99,0.0,CZ,Czechia
7,Jun-26,FTE,European Union,Danish,456.15,305.18,81.0,27.92,0.0,3.8,0.2,15.32,13.76,11.0,9.0,0.0,0.0,107.54,14.66,1.0,100.98,99.13,59.64,9.87,29.62,51.84,7.6,8.91,22.75,12.59,0.0,DK,Denmark
8,Jun-26,FTE,European Union,Dutch,2602.77,1591.85,423.77,175.14,10.77,15.64,0.2,84.42,55.26,33.76,45.0,2.58,1.0,638.94,65.36,15.78,448.0,663.22,438.45,24.92,199.85,346.7,10.0,27.11,152.45,157.14,1.0,NL,Netherlands
9,Jun-26,FTE,European Union,Estonian,187.23,98.65,22.08,13.92,0.3,0.0,0.0,4.91,0.95,1.0,1.0,0.0,0.0,36.02,2.83,1.0,36.73,61.06,43.26,0.0,17.8,27.52,0.0,0.0,18.73,8.79,0.0,EE,Estonia
10,Jun-26,FTE,European Union,Finnish,377.45,272.49,47.14,13.48,0.0,0.0,0.0,11.71,8.35,7.81,5.8,0.0,0.0,151.4,6.97,1.61,65.37,65.48,34.95,3.29,27.24,39.49,4.0,4.0,22.09,9.4,0.0,FI,Finland
11,Jun-26,FTE,European Union,French,1956.52,1049.64,305.42,91.39,6.4,9.72,0.5,78.64,52.02,28.59,36.0,1.37,0.8,385.56,62.42,11.76,284.49,617.18,439.42,10.92,166.84,289.7,7.0,28.25,148.64,105.81,0.0,FR,France
12,Jun-26,FTE,European Union,German,2482.05,1702.68,744.3,414.4,16.64,26.68,1.0,113.91,71.62,44.41,49.0,5.24,1.4,497.8,49.75,17.64,393.19,549.86,342.72,18.41,188.73,229.31,9.7,26.2,116.26,77.15,0.2,DE,Germany
13,Jun-26,FTE,European Union,Greek,3307.52,2522.93,1520.34,785.34,19.38,85.73,16.36,357.63,204.92,35.0,13.0,0.29,2.7,425.71,27.28,5.0,544.6,516.55,306.99,2.53,207.03,267.84,13.7,32.7,139.99,81.45,0.2,GR,Greece
14,Jun-26,FTE,European Union,Hungarian,1363.7,646.06,254.4,156.66,8.39,27.56,0.0,36.89,17.52,4.78,2.0,0.61,0.0,218.13,12.64,8.17,152.72,480.93,348.99,7.76,124.18,236.71,2.0,11.8,109.45,113.47,0.0,HU,Hungary
15,Jun-26,FTE,European Union,Irish,12402.32,9414.65,2349.67,1042.73,37.87,154.55,2.0,603.05,262.18,102.23,122.67,9.36,13.04,3751.14,208.63,243.42,2861.8,1804.48,1141.2,127.95,535.33,1181.19,162.36,258.51,554.12,206.21,2.0,IE,Ireland
16,Jun-26,FTE,European Union,Italian,7608.13,4608.78,1191.41,621.27,18.17,43.24,13.0,271.95,141.04,29.29,51.0,0.85,1.6,2243.12,199.19,21.89,953.18,1870.0,1361.0,28.41,480.59,1126.35,13.4,73.63,350.5,688.82,3.0,IT,Italy
17,Jun-26,FTE,European Union,Latvian,758.24,235.28,55.48,21.37,3.72,5.5,0.0,12.89,8.68,0.93,2.0,0.0,0.4,109.61,7.21,5.0,57.98,296.62,210.44,6.64,79.53,226.35,2.0,3.49,67.4,153.45,0.0,LV,Latvia
18,Jun-26,FTE,European Union,Lithuanian,1947.3,707.62,143.52,68.69,2.91,9.75,0.0,37.28,12.89,5.0,7.0,0.0,0.0,296.71,22.95,12.92,231.53,769.45,558.3,15.0,196.16,469.22,5.0,22.0,146.12,296.1,1.0,LT,Lithuania
19,Jun-26,FTE,European Union,Luxembourg,13.3,9.3,3.69,1.0,0.0,0.0,0.0,0.69,2.0,0.0,0.0,0.0,0.0,1.0,0.0,1.0,3.61,4.0,2.0,0.0,2.0,0.0,0.0,0.0,0.0,0.0,0.0,LU,Luxembourg
20,Jun-26,FTE,European Union,Maltese,312.58,263.06,199.49,109.4,1.0,4.48,0.0,56.14,21.48,4.0,3.0,0.0,0.0,20.06,2.0,1.31,40.21,29.39,15.15,2.0,12.24,20.12,2.0,3.0,9.92,5.2,0.0,MT,Malta
21,Jun-26,FTE,European Union,Polish,11214.28,3993.29,576.76,236.48,14.6,53.48,3.0,117.23,57.92,36.03,48.72,1.71,7.6,1796.11,126.18,168.81,1325.44,4475.31,3234.64,88.58,1152.09,2745.68,22.0,83.5,852.1,1788.09,0.0,PL,Poland
22,Jun-26,FTE,European Union,Portuguese,8202.79,4361.16,355.28,114.98,7.0,21.76,1.0,94.83,63.64,11.0,31.92,1.28,7.88,2638.36,50.15,22.81,1294.56,2276.42,1712.25,42.66,521.51,1563.41,22.0,71.71,382.51,1087.19,1.8,PT,Portugal
23,Jun-26,FTE,European Union,Romanian,6049.32,2909.85,661.08,290.05,24.55,113.63,0.0,106.3,93.69,17.64,14.0,0.22,1.0,1799.95,13.37,13.76,421.69,2124.03,1624.69,49.29,450.05,1012.96,5.0,24.0,310.72,673.24,2.48,RO,Romania
24,Jun-26,FTE,European Union,Slovak,927.53,429.41,97.12,51.16,5.0,9.0,0.0,14.94,7.29,3.94,5.8,0.0,0.0,215.77,7.94,5.71,102.88,299.84,221.83,9.5,68.51,198.27,7.0,13.0,75.06,103.21,0.0,SK,Slovakia
25,Jun-26,FTE,European Union,Slovenian,178.73,100.52,39.11,17.45,1.0,3.2,0.0,10.66,4.8,1.0,1.0,0.0,0.0,31.57,0.88,0.0,28.96,49.49,31.91,2.0,15.58,28.73,2.0,4.0,12.07,10.66,0.0,SI,Slovenia
26,Jun-26,FTE,European Union,Spanish,4979.84,2834.4,633.36,365.07,17.36,40.53,2.0,96.3,60.75,22.39,25.0,2.96,1.0,1450.99,113.92,8.9,627.23,1455.15,1056.14,13.0,386.0,690.2,8.45,39.65,260.22,381.88,0.1,ES,Spain
27,Jun-26,FTE,European Union,Swedish,869.4,553.89,151.86,53.15,2.33,1.6,0.0,36.6,27.18,10.94,17.85,0.8,1.42,201.06,23.53,1.0,176.44,203.82,149.67,5.71,48.44,111.69,3.0,13.0,59.51,36.17,0.0,SE,Sweden
28,Jun-26,FTE,European Economic Area,Icelandic,24.7,17.67,8.89,4.89,0.0,0.0,0.0,2.0,2.0,0.0,0.0,0.0,0.0,8.18,0.0,0.0,0.6,5.03,2.23,1.0,1.8,2.0,0.0,0.0,2.0,0.0,0.0,IS,Iceland
29,Jun-26,FTE,European Economic Area,Norwegian,376.34,235.98,49.71,12.31,0.0,3.9,0.0,9.19,14.31,5.0,5.0,0.0,0.0,79.44,14.75,3.5,88.58,99.95,57.25,2.48,40.22,40.41,4.0,2.9,23.89,9.63,0.0,NO,Norway
30,Jun-26,FTE,European Economic Area,Swiss,199.62,146.06,71.6,26.16,0.0,1.0,1.53,24.13,8.94,4.96,4.89,0.0,0.0,36.31,4.85,3.0,30.3,39.89,29.97,0.0,9.92,13.67,0.0,0.0,10.27,3.4,0.0,CH,Switzerland
31,Jun-26,FTE,Rest of World,Afghan,236.09,138.56,77.74,7.2,0.0,9.2,0.0,16.87,32.94,7.0,4.53,0.0,0.0,33.64,4.08,2.0,21.11,75.75,44.75,3.4,27.61,21.77,0.0,2.0,8.23,11.55,0.0,AF,Afghanistan
32,Jun-26,FTE,Rest of World,Albanian,254.78,97.53,28.53,3.0,1.0,5.0,0.0,7.6,9.53,1.0,1.0,0.0,0.4,50.91,2.0,0.0,16.1,107.81,79.06,3.0,25.75,49.45,0.0,1.0,12.6,35.85,0.0,AL,Albania
33,Jun-26,FTE,Rest of World,Algerian,172.0,47.94,27.53,1.0,0.8,1.0,0.0,8.92,13.81,0.0,2.0,0.0,0.0,8.21,0.0,1.0,11.2,67.35,49.04,0.85,17.47,56.7,0.0,0.0,9.9,46.8,0.0,DZ,Algeria
34,Jun-26,FTE,Rest of World,American,1657.72,989.96,293.84,60.26,3.39,16.9,1.0,79.03,62.68,24.24,44.95,0.4,1.0,272.18,18.0,12.0,393.94,379.51,229.21,19.02,131.28,288.25,11.8,49.81,191.79,34.84,0.0,US,United States
35,Jun-26,FTE,Rest of World,Andorran,1.58,1.58,0.66,0.0,0.0,0.0,0.0,0.66,0.0,0.0,0.0,0.0,0.0,0.92,0.0,0.0,0.0,0.0,0.0,0.0,0.0,0.0,0.0,0.0,0.0,0.0,0.0,AD,Andorra
36,Jun-26,FTE,Rest of World,Angolan,42.44,7.8,0.0,0.0,0.0,0.0,0.0,0.0,0.0,0.0,0.0,0.0,0.0,4.8,0.0,1.0,2.0,24.04,19.04,2.0,3.0,10.6,0.0,0.0,3.0,7.6,0.0,AO,Angola
37,Jun-26,FTE,Rest of World,Anguillan,1.0,0.0,0.0,0.0,0.0,0.0,0.0,0.0,0.0,0.0,0.0,0.0,0.0,0.0,0.0,0.0,0.0,1.0,1.0,0.0,0.0,0.0,0.0,0.0,0.0,0.0,0.0,AI,Anguilla
38,Jun-26,FTE,Rest of World,Antiguan,30.39,21.6,2.0,0.0,0.0,0.0,0.0,1.0,1.0,0.0,0.0,0.0,0.0,18.6,0.0,0.0,1.0,4.0,3.0,1.0,0.0,4.79,0.0,0.0,2.0,2.79,0.0,AG,Antigua and Barbuda
39,Jun-26,FTE,Rest of World,Argentine,75.79,51.53,36.6,10.8,1.0,6.8,0.0,11.0,6.0,1.0,0.0,0.0,0.0,4.73,0.0,1.0,9.2,13.88,9.88,0.0,4.0,10.37,1.2,0.0,5.77,3.4,0.0,AR,Argentina
40,Jun-26,FTE,Rest of World,Armenian,18.63,12.81,9.81,1.0,1.0,0.0,0.0,2.81,4.0,0.0,1.0,0.0,0.0,2.0,0.0,0.0,1.0,4.82,2.0,1.0,1.82,1.0,0.0,0.0,1.0,0.0,0.0,AM,Armenia
41,Jun-26,FTE,Rest of World,Aruban,1.6,0.0,0.0,0.0,0.0,0.0,0.0,0.0,0.0,0.0,0.0,0.0,0.0,0.0,0.0,0.0,0.0,1.6,1.6,0.0,0.0,0.0,0.0,0.0,0.0,0.0,0.0,AW,Aruba
42,Jun-26,FTE,Rest of World,Australian,2577.59,2204.15,460.11,120.85,6.19,16.65,5.0,166.55,62.68,26.0,55.94,0.25,0.0,377.59,18.51,634.95,712.98,190.1,97.29,28.61,64.2,183.14,36.5,55.81,77.67,13.17,0.2,AU,Australia
43,Jun-26,FTE,Rest of World,Azerbaijani,31.17,20.08,19.08,4.0,0.0,1.2,0.0,4.0,8.0,1.88,0.0,0.0,0.0,0.0,0.0,0.0,1.0,10.09,6.09,0.0,4.0,1.0,0.0,1.0,0.0,0.0,0.0,AZ,Azerbaijan
44,Jun-26,FTE,Rest of World,Bahamian,20.6,15.0,9.0,1.0,0.0,0.0,0.0,4.0,4.0,0.0,0.0,0.0,0.0,1.0,0.0,0.0,5.0,3.6,2.6,0.0,1.0,2.0,0.0,1.0,1.0,0.0,0.0,BS,The Bahamas
45,Jun-26,FTE,Rest of World,Bahraini,163.56,159.12,154.51,14.65,2.0,3.8,0.0,68.74,42.31,16.0,7.0,0.0,0.0,2.0,0.0,0.0,2.61,3.88,1.88,0.0,2.0,0.56,0.0,0.0,0.0,0.56,0.0,BH,Bahrain
46,Jun-26,FTE,Rest of World,Bangladeshi,2263.74,1375.72,1220.92,71.25,19.61,115.92,0.0,363.93,587.41,51.58,10.0,0.86,0.37,56.45,2.0,2.0,94.35,686.45,538.61,16.85,130.99,200.57,1.0,7.0,113.06,79.51,1.0,BD,Bangladesh
47,Jun-26,FTE,Rest of World,Barbadian,165.26,128.43,52.7,12.2,0.88,10.0,0.0,12.95,11.78,4.89,0.0,0.0,0.0,67.61,0.92,2.0,5.2,25.6,17.32,1.0,7.28,11.23,1.0,2.0,3.9,4.33,0.0,BB,Barbados
48,Jun-26,FTE,Rest of World,Basotho,29.83,26.83,0.0,0.0,0.0,0.0,0.0,0.0,0.0,0.0,0.0,0.0,0.0,22.83,1.0,0.0,3.0,2.0,2.0,0.0,0.0,1.0,0.0,0.0,1.0,0.0,0.0,LS,Lesotho
49,Jun-26,FTE,Rest of World,Belarusian,42.18,27.64,16.73,2.99,0.5,1.0,0.0,4.6,5.0,1.0,1.0,0.64,0.0,4.62,0.0,0.0,6.29,9.25,5.75,1.0,2.5,5.29,0.0,1.0,2.6,1.69,0.0,BY,Belarus
50,Jun-26,FTE,Rest of World,Belizean,40.64,34.63,3.0,0.0,0.0,0.0,0.0,1.0,0.0,2.0,0.0,0.0,0.0,31.63,0.0,0.0,0.0,4.61,3.61,0.0,1.0,1.4,1.0,0.0,0.0,0.4,0.0,BZ,Belize
51,Jun-26,FTE,Rest of World,Beninese,15.4,8.13,1.62,0.0,0.0,0.0,0.0,0.62,1.0,0.0,0.0,0.0,0.0,2.61,0.0,0.0,3.9,4.0,4.0,0.0,0.0,3.27,0.0,0.1,1.0,2.17,0.0,BJ,Benin
52,Jun-26,FTE,Rest of World,Bermudian,5.6,4.0,3.0,0.0,0.0,0.0,0.0,0.0,3.0,0.0,0.0,0.0,0.0,0.0,0.0,0.0,1.0,1.6,0.6,0.0,1.0,0.0,0.0,0.0,0.0,0.0,0.0,BM,Bermuda
53,Jun-26,FTE,Rest of World,Bhutanese,46.73,18.0,11.0,0.0,0.0,4.0,0.0,5.0,1.0,0.0,1.0,0.0,0.0,4.0,0.0,0.0,3.0,15.61,14.61,0.0,1.0,13.12,0.0,0.0,0.0,13.12,0.0,BT,Bhutan
54,Jun-26,FTE,Rest of World,Bissau-Guinean,3.67,2.0,1.0,1.0,0.0,0.0,0.0,0.0,0.0,0.0,0.0,0.0,0.0,0.0,0.0,0.0,1.0,1.0,1.0,0.0,0.0,0.67,0.0,0.0,0.0,0.67,0.0,GW,Guinea-Bissau
55,Jun-26,FTE,Rest of World,Bolivian,29.92,8.0,3.0,0.0,0.0,1.0,0.0,1.0,1.0,0.0,0.0,0.0,0.0,3.0,0.0,0.0,2.0,12.73,12.2,0.0,0.53,9.19,0.0,0.0,3.0,6.19,0.0,BO,Bolivia
56,Jun-26,FTE,Rest of World,Bosnian,20.21,10.55,5.89,3.0,0.0,0.0,0.0,1.89,1.0,0.0,0.0,0.0,0.0,3.0,0.0,0.0,1.67,6.12,3.47,0.0,2.65,3.53,0.0,0.0,3.0,0.53,0.0,BA,Bosnia and Herzegovina
57,Jun-26,FTE,Rest of World,Brazilian,790.85,305.19,110.94,19.0,6.8,6.75,1.0,35.46,31.93,4.0,6.0,0.0,0.0,86.56,5.25,3.61,98.83,321.0,247.58,3.56,69.87,163.66,0.0,4.4,62.53,96.73,1.0,BR,Brazil
58,Jun-26,FTE,Rest of World,British Virgin Islander,32.6,15.53,2.78,0.78,0.0,0.0,0.0,0.0,0.0,1.0,1.0,0.0,0.0,9.89,0.0,0.25,2.61,11.56,8.56,0.0,3.0,5.51,0.0,0.0,3.0,2.51,0.0,VG,British Virgin Islands
59,Jun-26,FTE,Rest of World,Bruneian,93.4,86.94,67.02,14.61,0.0,1.0,0.0,25.85,9.76,7.81,8.0,0.0,0.0,3.92,0.0,0.0,16.0,4.55,1.89,0.0,2.65,1.91,0.0,0.0,1.91,0.0,0.0,BN,Brunei
60,Jun-26,FTE,Rest of World,Burkinabe,3.0,1.0,1.0,0.0,0.0,0.0,0.0,0.0,0.0,0.0,1.0,0.0,0.0,0.0,0.0,0.0,0.0,0.0,0.0,0.0,0.0,2.0,0.0,0.0,1.0,1.0,0.0,BF,Burkina Faso
61,Jun-26,FTE,Rest of World,Burundi,27.63,13.96,1.0,0.0,1.0,0.0,0.0,0.0,0.0,0.0,0.0,0.0,0.0,11.56,1.0,0.0,0.4,10.87,9.87,0.0,1.0,2.8,0.0,0.0,0.27,2.53,0.0,BI,Burundi
62,Jun-26,FTE,Rest of World,Cambodian,9.17,5.45,1.0,0.0,0.0,0.0,0.0,0.0,0.0,1.0,0.0,0.0,0.0,3.45,0.0,0.0,1.0,1.92,1.92,0.0,0.0,1.8,0.0,0.0,0.8,1.0,0.0,KH,Cambodia
63,Jun-26,FTE,Rest of World,Cameroonian,682.27,331.71,32.68,2.0,3.0,1.0,0.0,12.68,13.0,1.0,0.0,0.0,0.0,268.36,3.31,0.0,27.36,306.39,275.37,3.12,27.9,44.17,1.0,3.0,21.8,18.37,0.0,CM,Cameroon
64,Jun-26,FTE,Rest of World,Canadian,1282.95,993.67,598.72,65.96,5.89,28.25,2.0,175.68,146.28,72.29,100.9,1.47,0.0,118.1,10.88,10.81,255.16,172.9,95.95,8.61,68.33,115.38,11.41,20.0,72.24,11.73,1.0,CA,Canada
65,Jun-26,FTE,Rest of World,Cape Verdean,9.0,4.0,0.0,0.0,0.0,0.0,0.0,0.0,0.0,0.0,0.0,0.0,0.0,2.0,0.0,0.0,2.0,3.0,3.0,0.0,0.0,2.0,0.0,0.0,1.0,1.0,0.0,CV,Cape Verde
66,Jun-26,FTE,Rest of World,Caymanian,25.24,11.84,1.0,0.0,0.0,0.0,0.0,0.0,0.0,0.0,1.0,0.0,0.0,10.84,0.0,0.0,0.0,12.4,11.62,0.0,0.78,1.0,0.0,0.0,1.0,0.0,0.0,KY,Cayman Islands
67,Jun-26,FTE,Rest of World,Central African,130.94,76.26,8.8,3.8,0.0,1.0,0.0,1.0,1.0,0.0,2.0,0.0,0.0,50.94,4.0,0.0,12.53,45.77,36.13,1.0,8.64,8.91,0.0,1.0,4.0,3.91,0.0,CF,Central African Republic
68,Jun-26,FTE,Rest of World,Chadian,0.64,0.0,0.0,0.0,0.0,0.0,0.0,0.0,0.0,0.0,0.0,0.0,0.0,0.0,0.0,0.0,0.0,0.64,0.64,0.0,0.0,0.0,0.0,0.0,0.0,0.0,0.0,TD,Chad
69,Jun-26,FTE,Rest of World,Channel Islander,4.92,4.0,1.0,0.0,0.0,1.0,0.0,0.0,0.0,0.0,0.0,0.0,0.0,1.0,0.0,1.0,1.0,0.92,0.92,0.0,0.0,0.0,0.0,0.0,0.0,0.0,0.0,GG/JE,Channel Islands
70,Jun-26,FTE,Rest of World,Chilean,78.94,53.13,17.7,4.8,0.0,2.0,2.0,5.9,3.0,0.0,0.0,0.0,0.0,6.63,5.83,1.0,21.97,16.31,12.0,0.0,4.31,9.51,0.0,1.4,5.64,2.47,0.0,CL,Chile
71,Jun-26,FTE,Rest of World,Chinese,2075.44,1229.44,274.71,61.81,3.63,5.8,0.0,69.04,60.79,29.0,42.0,0.2,2.44,350.3,7.6,4.31,592.51,555.84,345.2,6.88,203.76,289.17,1.0,24.96,159.13,104.07,1.0,CN,China
72,Jun-26,FTE,Rest of World,Cocos Islander,1.0,0.0,0.0,0.0,0.0,0.0,0.0,0.0,0.0,0.0,0.0,0.0,0.0,0.0,0.0,0.0,0.0,1.0,1.0,0.0,0.0,0.0,0.0,0.0,0.0,0.0,0.0,CC,Cocos Islands
73,Jun-26,FTE,Rest of World,Colombian,151.4,60.77,24.67,10.45,0.0,3.3,1.0,6.92,2.0,0.0,1.0,0.0,0.0,15.64,2.84,0.0,17.61,65.67,41.53,0.0,24.15,24.96,0.0,3.0,11.0,10.96,0.0,CO,Colombia
74,Jun-26,FTE,Rest of World,Congolese,258.0,81.41,4.0,0.0,0.0,0.0,0.0,1.0,2.0,0.0,1.0,0.0,0.0,58.73,1.92,2.0,14.76,108.71,92.81,2.8,13.09,67.88,0.0,1.0,6.44,60.44,0.0,CD,Congo
75,Jun-26,FTE,Rest of World,Costa Rican,8.12,3.51,0.7,0.7,0.0,0.0,0.0,0.0,0.0,0.0,0.0,0.0,0.0,0.91,0.0,0.0,1.9,3.61,3.61,0.0,0.0,1.0,0.0,0.0,1.0,0.0,0.0,CR,Costa Rica
76,Jun-26,FTE,Rest of World,Cuban,31.82,16.41,1.81,0.0,0.0,0.0,0.0,1.0,0.0,0.81,0.0,0.0,0.0,11.8,0.0,1.0,1.8,11.27,8.53,0.0,2.73,4.15,0.0,0.0,1.69,2.45,0.0,CU,Cuba
77,Jun-26,FTE,Rest of World,Djiboutian,8.92,6.76,3.0,0.0,0.0,0.0,0.0,2.0,0.0,0.0,1.0,0.0,0.0,2.96,0.0,0.0,0.8,1.0,1.0,0.0,0.0,1.16,0.0,0.0,0.0,1.16,0.0,DJ,Djibouti
78,Jun-26,FTE,Rest of World,Dominican,109.82,81.42,32.64,3.0,0.0,0.0,1.0,10.64,13.0,1.0,4.0,0.0,0.0,45.77,0.0,0.0,3.0,19.01,14.01,0.0,5.0,9.39,0.0,1.0,3.2,5.19,0.0,DM,Dominica
79,Jun-26,FTE,Rest of World,Dutch Antillean,8.57,4.43,0.9,0.9,0.0,0.0,0.0,0.0,0.0,0.0,0.0,0.0,0.0,0.92,0.61,0.0,2.0,1.53,1.53,0.0,0.0,2.6,0.0,0.0,0.0,2.6,0.0,NONE,Netherlands Antilles
80,Jun-26,FTE,Rest of World,Ecuadorian,43.26,17.61,8.6,2.6,0.0,0.0,0.0,2.0,3.0,1.0,0.0,0.0,0.0,3.77,0.0,0.0,5.24,15.32,9.92,0.0,5.4,10.33,0.0,0.0,2.0,8.33,0.0,EC,Ecuador
81,Jun-26,FTE,Rest of World,Egyptian,4882.26,4754.62,4517.54,884.37,121.13,717.58,8.0,1512.24,1190.27,48.94,29.86,4.17,1.0,87.84,0.0,0.0,149.24,79.26,42.3,0.0,36.95,47.99,2.0,7.0,22.8,16.19,0.4,EG,Egypt
82,Jun-26,FTE,Rest of World,Emirati,29.85,26.88,17.0,1.0,0.0,2.0,0.0,5.0,6.0,2.0,1.0,0.0,0.0,6.88,0.0,0.0,3.0,1.97,1.0,0.64,0.33,1.0,0.0,0.0,1.0,0.0,0.0,AE,United Arab Emirates
83,Jun-26,FTE,Rest of World,Equatorial Guinean,2.41,1.0,0.0,0.0,0.0,0.0,0.0,0.0,0.0,0.0,0.0,0.0,0.0,1.0,0.0,0.0,0.0,1.41,1.41,0.0,0.0,0.0,0.0,0.0,0.0,0.0,0.0,GQ,Equatorial Guinea
84,Jun-26,FTE,Rest of World,Eritrean,264.93,98.27,5.7,0.0,0.0,1.0,0.0,0.9,3.8,0.0,0.0,0.0,0.0,58.87,0.0,2.0,31.7,84.25,71.22,1.0,12.03,82.41,0.0,0.0,5.67,76.75,0.0,ER,Eritrea
85,Jun-26,FTE,Rest of World,Ethiopian,200.86,73.66,36.26,0.85,1.0,1.0,0.0,7.89,23.53,2.0,0.0,0.0,0.0,26.92,0.92,0.0,9.56,90.66,75.32,0.0,15.33,36.54,0.0,0.0,6.91,29.63,0.0,ET,Ethiopia
86,Jun-26,FTE,Rest of World,Falkland Islander,2.0,1.0,1.0,0.0,0.0,0.0,0.0,0.0,0.0,0.0,1.0,0.0,0.0,0.0,0.0,0.0,0.0,1.0,1.0,0.0,0.0,0.0,0.0,0.0,0.0,0.0,0.0,FK,Falkland Islands
87,Jun-26,FTE,Rest of World,Faroese,3.11,2.11,1.0,1.0,0.0,0.0,0.0,0.0,0.0,0.0,0.0,0.0,0.0,0.0,0.0,0.0,1.11,0.0,0.0,0.0,0.0,1.0,0.0,0.0,1.0,0.0,0.0,FO,Faroe Islands
88,Jun-26,FTE,Rest of World,Fijian,65.28,32.81,1.0,0.0,0.0,0.0,0.0,1.0,0.0,0.0,0.0,0.0,0.0,25.01,0.0,0.0,6.8,28.97,26.97,1.0,1.0,3.49,0.0,0.0,0.0,3.49,0.0,FJ,Fiji
89,Jun-26,FTE,Rest of World,Filipino,33432.13,27063.18,219.46,5.6,6.0,21.5,0.0,69.34,92.25,15.8,8.0,0.96,0.0,25175.64,45.29,2.0,1620.78,5090.79,4392.48,14.04,684.27,1269.16,3.8,25.0,318.48,921.88,9.0,PH,Philippines
90,Jun-26,FTE,Rest of World,French Guianese,2.0,2.0,0.0,0.0,0.0,0.0,0.0,0.0,0.0,0.0,0.0,0.0,0.0,1.0,0.0,0.0,1.0,0.0,0.0,0.0,0.0,0.0,0.0,0.0,0.0,0.0,0.0,GF,French Guiana
91,Jun-26,FTE,Rest of World,Gabonese,16.63,11.41,0.0,0.0,0.0,0.0,0.0,0.0,0.0,0.0,0.0,0.0,0.0,11.41,0.0,0.0,0.0,2.95,2.57,0.0,0.37,2.27,0.0,0.0,1.0,1.27,0.0,GA,Gabon
92,Jun-26,FTE,Rest of World,Gambian,401.86,124.42,11.0,1.0,0.0,2.0,0.0,6.0,2.0,0.0,0.0,0.0,0.0,101.27,1.76,0.0,10.39,177.72,153.77,2.81,21.13,99.72,0.0,1.0,14.4,84.32,0.0,GM,The Gambia
93,Jun-26,FTE,Rest of World,Georgian,22.25,9.0,6.0,0.0,1.0,0.0,0.0,4.0,1.0,0.0,0.0,0.0,0.0,1.0,0.0,0.0,2.0,8.79,7.13,0.0,1.65,4.47,0.0,0.0,1.0,3.47,0.0,GE,Georgia
94,Jun-26,FTE,Rest of World,Ghanaian,10042.1,5076.75,226.71,17.43,6.0,17.8,0.0,111.74,60.75,11.0,2.0,0.0,0.0,3973.95,534.11,1.61,340.37,3770.42,3448.58,26.72,295.12,1191.92,3.0,15.6,210.58,962.74,3.0,GH,Ghana
95,Jun-26,FTE,Rest of World,Gibraltar,12.25,9.0,5.0,2.0,0.0,0.0,0.0,1.0,0.0,1.0,1.0,0.0,0.0,2.0,1.0,0.0,1.0,1.85,1.85,0.0,0.0,1.4,0.0,0.0,0.0,1.4,0.0,GI,Gibraltar
96,Jun-26,FTE,Rest of World,Greenlandic,1.0,0.0,0.0,0.0,0.0,0.0,0.0,0.0,0.0,0.0,0.0,0.0,0.0,0.0,0.0,0.0,0.0,1.0,0.0,0.0,1.0,0.0,0.0,0.0,0.0,0.0,0.0,GL,Greenland
97,Jun-26,FTE,Rest of World,Grenadian,122.84,87.85,15.83,0.0,0.0,3.0,0.0,6.95,4.88,1.0,0.0,0.0,0.0,66.72,2.3,0.0,3.0,28.19,22.19,0.0,6.0,6.8,0.0,1.0,3.0,2.8,0.0,GD,Grenada
98,Jun-26,FTE,Rest of World,Guadeloupian,1.0,1.0,1.0,0.0,0.0,0.0,0.0,1.0,0.0,0.0,0.0,0.0,0.0,0.0,0.0,0.0,0.0,0.0,0.0,0.0,0.0,0.0,0.0,0.0,0.0,0.0,0.0,GP,Guadeloupe
99,Jun-26,FTE,Rest of World,Guamanian,1.44,0.92,0.0,0.0,0.0,0.0,0.0,0.0,0.0,0.0,0.0,0.0,0.0,0.92,0.0,0.0,0.0,0.52,0.52,0.0,0.0,0.0,0.0,0.0,0.0,0.0,0.0,GU,Guadeloupe
100,Jun-26,FTE,Rest of World,Guatemalan,10.6,3.6,3.6,0.6,0.0,1.0,0.0,0.0,1.0,1.0,0.0,0.0,0.0,0.0,0.0,0.0,0.0,3.0,3.0,0.0,0.0,4.0,0.0,0.0,2.0,2.0,0.0,GT,Guatemala
101,Jun-26,FTE,Rest of World,Guinean,46.93,13.07,1.0,0.0,0.0,0.0,0.0,0.0,1.0,0.0,0.0,0.0,0.0,11.46,0.61,0.0,0.0,23.15,19.02,1.0,3.13,10.71,0.0,0.0,0.0,10.71,0.0,GN,Guinea
102,Jun-26,FTE,Rest of World,Guyanese,524.29,446.77,14.69,2.0,1.0,1.8,0.0,6.89,3.0,0.0,0.0,0.0,0.0,385.15,39.33,0.0,7.6,57.83,48.27,1.6,7.97,19.68,0.0,1.0,4.8,13.88,0.0,GY,Guyana
103,Jun-26,FTE,Rest of World,Haitian,2.0,1.0,1.0,0.0,0.0,0.0,0.0,1.0,0.0,0.0,0.0,0.0,0.0,0.0,0.0,0.0,0.0,1.0,0.0,0.0,1.0,0.0,0.0,0.0,0.0,0.0,0.0,HT,Haiti
104,Jun-26,FTE,Rest of World,Honduran,19.26,12.13,10.33,0.0,0.0,0.0,0.0,4.33,5.0,1.0,0.0,0.0,0.0,1.0,0.0,0.0,0.8,4.88,4.88,0.0,0.0,2.25,0.0,0.0,0.0,2.25,0.0,HN,Honduras
105,Jun-26,FTE,Rest of World,Hong Kong (British/Chinese),1657.81,746.16,162.08,17.51,2.0,6.0,0.0,34.62,25.94,29.0,47.0,0.0,0.0,161.87,3.68,3.0,415.53,588.3,383.0,11.0,194.3,321.85,2.0,8.0,187.59,124.26,1.49,HK,Hong Kong
106,Jun-26,FTE,Rest of World,Indian,79385.23,59956.42,12781.89,3607.99,419.6,1655.49,29.33,2913.88,3384.42,465.74,269.61,18.32,17.5,42045.43,60.92,26.08,5042.1,14605.55,11861.23,76.84,2667.49,4820.76,39.36,159.67,2268.73,2353.0,2.5,IN,India
107,Jun-26,FTE,Rest of World,Indonesian,171.11,93.11,57.99,6.75,0.0,3.0,0.0,24.4,14.84,4.0,5.0,0.0,0.0,14.72,2.79,0.61,17.0,50.55,39.21,0.8,10.53,27.45,0.0,0.0,8.88,18.57,0.0,ID,Indonesia
108,Jun-26,FTE,Rest of World,Iranian,1413.51,1099.86,461.23,46.68,9.0,39.97,0.2,104.84,198.81,36.71,23.0,0.22,1.8,271.31,120.61,2.0,244.71,242.72,145.84,0.0,96.88,69.93,0.0,6.0,44.39,19.53,1.0,IR,Iran
109,Jun-26,FTE,Rest of World,Iraqi,639.57,597.79,541.05,93.55,7.0,46.6,1.0,156.47,215.64,10.0,9.69,1.09,0.0,9.0,1.61,0.0,46.13,33.81,21.85,0.0,11.95,7.98,0.0,0.0,3.4,4.58,0.0,IQ,Iraq
110,Jun-26,FTE,Rest of World,Israeli,120.15,102.28,73.05,13.93,5.4,3.2,1.0,32.71,9.0,3.81,4.0,0.0,0.0,13.99,0.8,1.0,13.45,9.96,4.56,1.0,4.4,7.91,1.0,4.91,1.0,1.0,0.0,IL,Israel
111,Jun-26,FTE,Rest of World,Ivorian,86.94,14.38,0.0,0.0,0.0,0.0,0.0,0.0,0.0,0.0,0.0,0.0,0.0,9.68,0.0,0.0,4.7,41.96,35.32,0.0,6.64,30.6,0.0,1.0,6.8,22.8,0.0,CI,Ivory Coast
112,Jun-26,FTE,Rest of World,Jamaican,2423.72,1178.22,68.58,5.88,3.0,6.0,1.0,24.75,24.95,2.0,1.0,0.0,0.0,847.72,134.38,2.0,125.53,882.55,773.28,16.75,92.53,362.03,2.79,4.0,76.75,278.49,0.92,JM,Jamaica
113,Jun-26,FTE,Rest of World,Japanese,361.47,235.52,89.61,26.0,3.8,7.7,0.0,25.51,12.4,4.0,10.0,0.2,0.0,85.85,4.53,0.0,55.54,96.96,58.63,0.0,38.33,28.98,0.0,2.0,16.8,10.18,0.0,JP,Japan
114,Jun-26,FTE,Rest of World,Jordanian,773.51,754.11,712.76,58.93,8.44,49.51,1.0,244.89,302.45,21.93,25.0,0.0,0.6,23.68,0.0,0.0,17.67,13.39,4.86,2.0,6.53,6.0,0.0,1.0,5.0,0.0,0.0,JO,Jordan
115,Jun-26,FTE,Rest of World,Kazakhstani,22.61,8.79,7.79,1.0,0.0,0.0,0.0,0.0,3.79,1.0,2.0,0.0,0.0,1.0,0.0,0.0,0.0,11.39,7.39,0.0,4.0,2.43,0.0,1.0,1.0,0.43,0.0,KZ,Kazakhstan
116,Jun-26,FTE,Rest of World,Kenyan,2500.15,1895.1,151.55,24.03,0.0,12.63,0.0,46.94,46.81,8.0,13.0,0.15,0.0,1587.35,14.59,7.0,134.61,506.28,425.7,8.04,72.54,98.78,1.0,3.0,48.57,46.22,0.0,KE,Kenya
117,Jun-26,FTE,Rest of World,Kittitian,24.48,18.0,13.0,0.0,0.0,0.0,0.0,4.0,4.0,2.0,3.0,0.0,0.0,3.0,0.0,0.0,2.0,6.48,3.92,1.0,1.56,0.0,0.0,0.0,0.0,0.0,0.0,KN,St Kitts and Nevis
118,Jun-26,FTE,Rest of World,Korean,25.52,20.88,7.15,4.65,0.0,0.0,0.0,2.5,0.0,0.0,0.0,0.0,0.0,11.93,0.0,0.0,1.8,1.64,1.64,0.0,0.0,3.0,0.0,1.0,2.0,0.0,0.0,NONE,North or South Korea
119,Jun-26,FTE,Rest of World,Kuwaiti,38.81,32.57,22.82,2.55,0.0,1.6,0.0,3.49,7.58,3.6,4.0,0.0,0.0,2.0,0.0,0.0,7.75,4.24,4.24,0.0,0.0,2.0,0.0,0.0,1.0,1.0,0.0,KW,Kuwait
120,Jun-26,FTE,Rest of World,Kyrgyzstani,4.61,4.0,2.0,0.0,0.0,0.0,0.0,1.0,0.0,0.0,1.0,0.0,0.0,0.0,1.0,0.0,1.0,0.61,0.61,0.0,0.0,0.0,0.0,0.0,0.0,0.0,0.0,KG,Kyrgyzstan
121,Jun-26,FTE,Rest of World,Laotian,1.76,0.0,0.0,0.0,0.0,0.0,0.0,0.0,0.0,0.0,0.0,0.0,0.0,0.0,0.0,0.0,0.0,1.76,1.76,0.0,0.0,0.0,0.0,0.0,0.0,0.0,0.0,LA,Laos
122,Jun-26,FTE,Rest of World,Lebanese,289.0,243.49,136.25,17.54,3.92,3.3,0.0,48.75,43.84,12.9,6.0,0.0,0.0,78.62,5.61,0.0,23.0,26.71,14.38,0.0,12.33,18.8,1.0,9.0,7.8,1.0,0.0,LB,Lebanon
123,Jun-26,FTE,Rest of World,Liberian,40.85,13.1,1.3,0.0,0.0,0.0,0.0,0.8,0.5,0.0,0.0,0.0,0.0,10.8,0.0,0.0,1.0,20.57,16.67,0.0,3.91,7.18,0.0,0.0,1.0,6.18,0.0,LR,Liberia
124,Jun-26,FTE,Rest of World,Libyan,258.48,230.36,218.23,22.37,13.64,39.88,0.0,50.35,85.99,4.0,2.0,0.0,0.0,1.0,0.61,0.0,10.52,19.0,9.09,0.0,9.91,9.12,1.0,0.0,2.0,6.12,0.0,LY,Libya
125,Jun-26,FTE,Rest of World,Liswati,102.88,90.29,2.0,0.0,0.0,0.0,0.0,1.0,0.0,0.0,1.0,0.0,0.0,81.29,4.0,0.0,3.0,11.59,10.99,0.0,0.6,1.0,0.0,0.0,1.0,0.0,0.0,SZ,Eswatini
126,Jun-26,FTE,Rest of World,Liswati,102.88,90.29,2.0,0.0,0.0,0.0,0.0,1.0,0.0,0.0,1.0,0.0,0.0,81.29,4.0,0.0,3.0,11.59,10.99,0.0,0.6,1.0,0.0,0.0,1.0,0.0,0.0,SZ,Eswatini
127,Jun-26,FTE,Rest of World,Macanese,1.0,0.0,0.0,0.0,0.0,0.0,0.0,0.0,0.0,0.0,0.0,0.0,0.0,0.0,0.0,0.0,0.0,1.0,0.0,0.0,1.0,0.0,0.0,0.0,0.0,0.0,0.0,MO,Macao
128,Jun-26,FTE,Rest of World,Macedonian,32.15,12.81,4.8,1.8,1.0,0.0,0.0,0.0,2.0,0.0,0.0,0.0,0.0,6.0,0.0,0.0,2.01,10.79,7.43,0.0,3.36,8.55,0.0,0.94,3.0,4.61,0.0,MK,North Macedonia
129,Jun-26,FTE,Rest of World,Malagasy,8.51,6.0,2.0,1.0,0.0,0.0,0.0,0.0,0.0,1.0,0.0,0.0,0.0,2.0,0.0,0.0,2.0,2.51,2.51,0.0,0.0,0.0,0.0,0.0,0.0,0.0,0.0,MG,Madagascar
130,Jun-26,FTE,Rest of World,Malawian,347.37,191.7,16.73,4.0,2.0,1.0,0.0,4.96,4.77,0.0,0.0,0.0,0.0,154.19,1.99,0.0,18.8,136.56,125.04,1.0,10.52,19.1,0.0,0.0,16.7,2.4,0.0,MW,Malawi
131,Jun-26,FTE,Rest of World,Malaysian,3334.1,3106.9,2441.87,749.8,16.68,81.28,1.0,786.47,422.33,157.56,221.83,3.54,1.4,176.67,7.47,4.0,476.89,133.33,66.99,2.0,64.35,93.87,4.0,6.65,58.56,24.66,0.0,MY,Malaysia
132,Jun-26,FTE,Rest of World,Maldivian,50.53,46.53,44.53,1.0,0.0,1.0,0.0,15.58,12.96,4.0,10.0,0.0,0.0,2.0,0.0,0.0,0.0,4.0,2.0,0.0,2.0,0.0,0.0,0.0,0.0,0.0,0.0,MV,Maldives
133,Jun-26,FTE,Rest of World,Malian,3.88,3.88,2.88,0.0,0.0,1.0,0.0,0.0,0.88,1.0,0.0,0.0,0.0,1.0,0.0,0.0,0.0,0.0,0.0,0.0,0.0,0.0,0.0,0.0,0.0,0.0,0.0,ML,Mali
134,Jun-26,FTE,Rest of World,Manx,22.03,17.28,3.0,0.0,0.0,1.0,0.0,0.0,0.0,1.0,1.0,0.0,0.0,6.36,1.92,2.0,4.0,3.64,2.64,0.0,1.0,1.11,0.0,0.0,0.0,1.11,0.0,IM,Isle of Man
135,Jun-26,FTE,Rest of World,Marshallese,1.0,1.0,0.0,0.0,0.0,0.0,0.0,0.0,0.0,0.0,0.0,0.0,0.0,0.0,0.0,0.0,1.0,0.0,0.0,0.0,0.0,0.0,0.0,0.0,0.0,0.0,0.0,MH,Marshall Islands
136,Jun-26,FTE,Rest of World,Mauritanian,203.17,82.48,19.45,3.29,0.0,2.0,0.0,5.88,7.29,1.0,0.0,0.0,0.0,49.23,1.0,1.0,11.8,91.07,77.33,1.8,11.93,29.63,0.0,1.0,9.73,18.89,0.0,MR,Mauritania
137,Jun-26,FTE,Rest of World,Mauritian,1197.28,534.73,153.13,27.92,2.0,7.0,0.0,64.44,33.51,12.0,6.0,0.25,0.0,323.95,3.73,1.0,52.92,492.61,427.52,1.83,63.27,169.94,3.0,11.89,65.89,89.15,0.0,MU,Mauritius
138,Jun-26,FTE,Rest of World,Mexican,149.69,71.02,46.72,8.3,1.96,4.9,0.0,15.74,15.83,0.0,0.0,0.0,0.0,4.6,0.0,0.0,19.7,45.75,32.64,0.0,13.1,32.92,0.0,3.0,22.0,7.92,0.0,MX,Mexico
139,Jun-26,FTE,Rest of World,Moldovan,36.92,10.48,4.85,0.0,1.85,0.0,0.0,1.0,2.0,0.0,0.0,0.0,0.0,0.96,0.0,1.0,3.67,18.65,18.65,0.0,0.0,7.8,0.0,0.0,2.0,5.8,0.0,MD,Moldova
140,Jun-26,FTE,Rest of World,Mongolian,9.3,3.0,2.0,0.0,0.0,1.0,0.0,0.0,0.0,0.0,1.0,0.0,0.0,0.0,0.0,1.0,0.0,4.5,4.0,0.0,0.5,1.8,0.0,0.0,1.0,0.8,0.0,MN,Mongolia
141,Jun-26,FTE,Rest of World,Montenegrin,2.0,2.0,1.0,1.0,0.0,0.0,0.0,0.0,0.0,0.0,0.0,0.0,0.0,0.0,0.0,0.0,1.0,0.0,0.0,0.0,0.0,0.0,0.0,0.0,0.0,0.0,0.0,ME,Montenegro
142,Jun-26,FTE,Rest of World,Montserratian,1.64,0.0,0.0,0.0,0.0,0.0,0.0,0.0,0.0,0.0,0.0,0.0,0.0,0.0,0.0,0.0,0.0,0.64,0.64,0.0,0.0,1.0,0.0,0.0,0.0,1.0,0.0,MS,Montserrat
143,Jun-26,FTE,Rest of World,Moroccan,146.44,44.27,24.43,0.8,0.0,2.0,0.0,7.83,9.8,2.0,2.0,0.0,0.0,12.53,0.0,0.0,7.31,62.07,52.0,0.0,10.07,40.1,0.0,1.0,10.0,29.1,0.0,MA,Morocco
144,Jun-26,FTE,Rest of World,Motswana,372.41,327.76,37.22,2.0,1.0,2.0,0.0,7.0,8.69,3.0,13.0,0.53,0.0,238.92,35.61,4.0,12.0,33.2,28.11,0.0,5.09,11.45,1.0,0.0,8.27,2.19,0.0,BW,Botswana
145,Jun-26,FTE,Rest of World,Mozambican,13.14,5.74,1.62,0.7,0.0,0.0,0.0,0.92,0.0,0.0,0.0,0.0,0.0,2.32,0.0,0.0,1.8,5.88,4.88,0.0,1.0,1.52,0.0,0.0,0.0,1.52,0.0,MZ,Mozambique
146,Jun-26,FTE,Rest of World,Myanmar,1060.28,991.86,957.29,92.45,9.8,50.2,2.0,341.49,410.42,43.93,7.0,0.0,0.0,24.61,0.0,0.0,9.96,45.56,31.63,1.0,12.93,22.86,0.0,0.0,19.73,3.12,0.0,MM,Myanmar
147,Jun-26,FTE,Rest of World,Namibian,104.44,55.54,4.71,0.0,0.0,0.0,0.0,2.8,1.0,0.91,0.0,0.0,0.0,19.83,0.0,20.0,11.0,37.49,35.49,0.0,2.0,11.41,0.0,0.0,5.46,5.95,0.0,NA,Namibia
148,Jun-26,FTE,Rest of World,Nepalese,4565.63,2453.0,617.19,36.57,10.9,89.86,2.0,148.71,305.05,19.71,4.0,0.0,0.4,1661.42,5.5,0.61,168.27,1413.3,1274.83,2.0,136.47,698.34,1.0,6.0,84.89,606.44,1.0,NP,Nepal
149,Jun-26,FTE,Rest of World,New Caledonian,1.0,0.0,0.0,0.0,0.0,0.0,0.0,0.0,0.0,0.0,0.0,0.0,0.0,0.0,0.0,0.0,0.0,1.0,0.0,0.0,1.0,0.0,0.0,0.0,0.0,0.0,0.0,NC,New Caledonia
150,Jun-26,FTE,Rest of World,New Zealander,765.48,587.69,129.23,35.97,1.13,5.3,0.0,47.89,19.94,10.0,9.0,0.0,0.0,137.45,8.27,90.51,222.23,78.11,50.58,3.9,23.63,98.68,15.67,26.39,43.79,12.83,1.0,NZ,New Zealand
151,Jun-26,FTE,Rest of World,Nicaraguan,4.0,3.0,1.0,1.0,0.0,0.0,0.0,0.0,0.0,0.0,0.0,0.0,0.0,0.0,0.0,0.0,2.0,0.4,0.4,0.0,0.0,0.6,0.0,0.0,0.6,0.0,0.0,NI,Nicaragua
152,Jun-26,FTE,Rest of World,Nigerian,43958.11,19690.59,3580.37,248.73,66.8,747.43,4.0,1168.43,1210.14,77.8,41.79,14.36,0.89,12528.31,284.36,55.78,3241.78,21033.83,18951.74,132.97,1949.13,3224.69,27.0,108.2,1795.77,1293.72,9.0,NG,Nigeria
153,Jun-26,FTE,Rest of World,Nigerien,1199.28,853.45,648.01,16.23,1.0,39.53,0.0,406.21,140.23,21.55,22.0,1.27,0.0,165.43,2.84,0.0,37.17,299.87,267.18,1.8,30.89,45.96,0.0,4.0,22.29,19.67,0.0,NE,Niger
154,Jun-26,FTE,Rest of World,Niuean,1.0,1.0,0.0,0.0,0.0,0.0,0.0,0.0,0.0,0.0,0.0,0.0,0.0,1.0,0.0,0.0,0.0,0.0,0.0,0.0,0.0,0.0,0.0,0.0,0.0,0.0,0.0,NU,Niue
155,Jun-26,FTE,Rest of World,Ni-Vanuatu,1.0,1.0,1.0,0.0,0.0,0.0,0.0,0.0,0.0,0.0,1.0,0.0,0.0,0.0,0.0,0.0,0.0,0.0,0.0,0.0,0.0,0.0,0.0,0.0,0.0,0.0,0.0,VU,Vanuatu
156,Jun-26,FTE,Rest of World,Norfolk Islander,3.0,2.0,0.0,0.0,0.0,0.0,0.0,0.0,0.0,0.0,0.0,0.0,0.0,2.0,0.0,0.0,0.0,1.0,0.0,0.0,1.0,0.0,0.0,0.0,0.0,0.0,0.0,NF,Norfolk Island
157,Jun-26,FTE,Rest of World,North Korean,7.52,7.52,4.0,0.0,0.0,0.0,0.0,1.0,2.0,1.0,0.0,0.0,0.0,1.92,0.0,0.0,1.6,0.0,0.0,0.0,0.0,0.0,0.0,0.0,0.0,0.0,0.0,KP,North Korea
158,Jun-26,FTE,Rest of World,Omani,42.75,38.35,23.51,2.9,1.0,4.75,0.0,6.93,5.93,0.0,2.0,0.0,0.0,4.84,0.0,0.0,10.0,4.4,2.4,0.0,2.0,0.0,0.0,0.0,0.0,0.0,0.0,OM,Oman
159,Jun-26,FTE,Rest of World,Pakistani,9249.19,7768.23,6451.84,897.9,164.12,797.28,10.9,1637.71,2662.02,214.09,57.65,6.91,3.27,653.95,2.84,4.0,655.6,1024.29,661.84,31.85,330.6,455.66,9.8,28.4,258.76,158.71,1.0,PK,Pakistan
160,Jun-26,FTE,Rest of World,Palestinian,366.02,334.0,172.26,14.0,0.0,24.0,0.0,41.66,85.6,3.0,4.0,0.0,0.0,151.82,0.0,0.0,9.92,31.42,26.92,0.0,4.5,0.6,0.0,0.0,0.6,0.0,0.0,PS,Palestine
161,Jun-26,FTE,Rest of World,Panamanian,5.4,3.0,2.0,1.0,0.0,0.0,0.0,0.0,1.0,0.0,0.0,0.0,0.0,0.0,0.0,0.0,1.0,1.4,0.4,0.0,1.0,1.0,0.0,0.0,1.0,0.0,0.0,PA,Panama
162,Jun-26,FTE,Rest of World,Papua New Guinean,7.92,2.0,1.0,0.0,0.0,0.0,0.0,1.0,0.0,0.0,0.0,0.0,0.0,1.0,0.0,0.0,0.0,4.92,4.92,0.0,0.0,1.0,0.0,0.0,1.0,0.0,0.0,PG,Papua New Guinea
163,Jun-26,FTE,Rest of World,Paraguayan,5.93,3.0,3.0,2.0,0.0,0.0,0.0,0.0,0.0,0.0,1.0,0.0,0.0,0.0,0.0,0.0,0.0,2.0,2.0,0.0,0.0,0.93,0.0,0.0,0.0,0.93,0.0,PY,Paraguay
164,Jun-26,FTE,Rest of World,Peruvian,67.43,27.69,15.64,1.6,0.0,1.8,0.0,4.69,7.54,0.0,0.0,0.0,0.0,6.53,0.92,0.0,4.6,23.57,16.57,0.0,7.0,16.17,0.0,0.0,10.17,6.0,0.0,PE,Peru
165,Jun-26,FTE,Rest of World,Pitcairn Islander,0.9,0.0,0.0,0.0,0.0,0.0,0.0,0.0,0.0,0.0,0.0,0.0,0.0,0.0,0.0,0.0,0.0,0.0,0.0,0.0,0.0,0.9,0.0,0.0,0.9,0.0,0.0,PN,Pitcairn
166,Jun-26,FTE,Rest of World,Puerto Rican,2.0,2.0,0.0,0.0,0.0,0.0,0.0,0.0,0.0,0.0,0.0,0.0,0.0,1.0,0.0,0.0,1.0,0.0,0.0,0.0,0.0,0.0,0.0,0.0,0.0,0.0,0.0,PR,Puerto Rico
167,Jun-26,FTE,Rest of World,Qatari,6.08,5.08,3.0,0.0,0.0,1.0,0.0,1.0,1.0,0.0,0.0,0.0,0.0,0.88,0.0,1.0,0.2,0.0,0.0,0.0,0.0,1.0,0.0,0.0,1.0,0.0,0.0,QA,Qatar
168,Jun-26,FTE,Rest of World,Reunionese,2.8,2.8,0.0,0.0,0.0,0.0,0.0,0.0,0.0,0.0,0.0,0.0,0.0,1.8,0.0,0.0,1.0,0.0,0.0,0.0,0.0,0.0,0.0,0.0,0.0,0.0,0.0,RE,Reunion
169,Jun-26,FTE,Rest of World,Russian,252.4,139.6,89.93,15.58,1.0,10.88,0.0,27.96,21.16,7.0,5.7,0.0,0.65,19.49,1.61,0.0,28.57,65.6,50.21,0.0,15.39,47.2,1.0,4.0,27.6,14.6,0.0,RU,Russia
170,Jun-26,FTE,Rest of World,Rwandan,55.34,27.24,1.0,1.0,0.0,0.0,0.0,0.0,0.0,0.0,0.0,0.0,0.0,19.56,0.0,0.0,6.68,20.11,17.11,0.0,3.0,7.99,0.0,0.0,3.59,4.4,0.0,RW,Rwanda
171,Jun-26,FTE,Rest of World,Saint Helenian,2.0,1.0,0.0,0.0,0.0,0.0,0.0,0.0,0.0,0.0,0.0,0.0,0.0,1.0,0.0,0.0,0.0,1.0,1.0,0.0,0.0,0.0,0.0,0.0,0.0,0.0,0.0,SH,"Saint Helena, Ascension and Tristan da Cunha"
172,Jun-26,FTE,Rest of World,Saint Lucian,150.39,98.13,13.55,0.74,0.0,2.0,0.0,5.0,4.0,0.82,1.0,0.0,0.0,75.55,4.03,0.0,5.0,32.07,30.35,0.0,1.72,20.19,0.0,0.0,12.44,7.75,0.0,LC,Saint Lucia
173,Jun-26,FTE,Rest of World,Saint Vincentian,181.9,151.03,5.0,3.0,0.0,0.0,0.0,1.0,0.0,1.0,0.0,0.0,0.0,140.53,1.0,0.0,4.5,26.27,17.64,1.0,7.63,4.6,0.0,0.0,2.0,2.6,0.0,VC,Saint Vincent and the Grenadines
174,Jun-26,FTE,Rest of World,Salvadoran,17.67,3.0,2.0,1.0,0.0,1.0,0.0,0.0,0.0,0.0,0.0,0.0,0.0,0.0,0.0,0.0,1.0,11.4,9.4,0.0,2.0,3.27,0.0,0.0,0.0,3.27,0.0,SV,El Salvador
175,Jun-26,FTE,Rest of World,Samoan,0.61,0.61,0.0,0.0,0.0,0.0,0.0,0.0,0.0,0.0,0.0,0.0,0.0,0.61,0.0,0.0,0.0,0.0,0.0,0.0,0.0,0.0,0.0,0.0,0.0,0.0,0.0,WS,Samoa
176,Jun-26,FTE,Rest of World,Sao Tomean,1.53,0.0,0.0,0.0,0.0,0.0,0.0,0.0,0.0,0.0,0.0,0.0,0.0,0.0,0.0,0.0,0.0,1.0,1.0,0.0,0.0,0.53,0.0,0.0,0.0,0.53,0.0,ST,Sao Tome and Principe
177,Jun-26,FTE,Rest of World,Saudi Arabian,149.72,130.26,96.13,7.6,0.0,6.92,0.0,31.61,31.79,7.91,9.95,0.36,0.0,20.2,0.0,0.0,13.93,14.46,4.96,1.0,8.5,5.0,0.0,0.0,5.0,0.0,0.0,SA,Saudi Arabia
178,Jun-26,FTE,Rest of World,Senegalese,49.97,6.84,2.0,0.0,0.0,2.0,0.0,0.0,0.0,0.0,0.0,0.0,0.0,4.84,0.0,0.0,0.0,19.52,17.35,0.0,2.17,23.61,0.0,0.0,1.0,22.61,0.0,SN,Senegal
179,Jun-26,FTE,Rest of World,Serbian,89.61,45.84,27.23,9.2,1.52,3.85,0.0,4.91,3.51,3.0,1.0,0.24,0.0,12.43,0.2,0.0,5.99,30.9,24.97,1.0,4.93,12.87,2.0,1.0,6.67,3.2,0.0,RS,Serbia
180,Jun-26,FTE,Rest of World,Seychellois,24.23,15.52,4.0,0.0,0.0,0.0,0.0,1.0,2.0,0.0,1.0,0.0,0.0,10.52,0.0,0.0,1.0,3.84,3.84,0.0,0.0,4.87,0.0,0.0,0.0,4.87,0.0,SC,Seychelles
181,Jun-26,FTE,Rest of World,Sierra Leonean,591.87,229.42,6.15,0.15,0.0,1.0,0.0,2.0,3.0,0.0,0.0,0.0,0.0,201.49,11.77,0.0,10.0,267.73,252.2,2.0,13.53,94.71,1.0,2.0,13.7,78.01,0.0,SL,Sierra Leone
182,Jun-26,FTE,Rest of World,Singaporean,620.93,567.45,427.21,91.55,0.5,9.4,0.0,163.1,83.45,33.0,46.0,0.0,0.2,44.77,0.0,1.0,94.47,34.16,15.73,0.32,18.11,19.33,1.0,2.0,15.1,1.23,0.0,SG,Singapore
183,Jun-26,FTE,Rest of World,Solomon Islander,1.0,1.0,0.0,0.0,0.0,0.0,0.0,0.0,0.0,0.0,0.0,0.0,0.0,1.0,0.0,0.0,0.0,0.0,0.0,0.0,0.0,0.0,0.0,0.0,0.0,0.0,0.0,SB,Solomon Islands
184,Jun-26,FTE,Rest of World,Somali,438.86,143.63,19.23,1.0,0.0,1.78,0.0,4.75,10.0,1.0,0.0,0.7,0.0,96.08,3.84,0.0,24.48,181.28,150.0,6.0,25.28,113.95,0.0,0.0,19.0,94.95,0.0,SO,Somalia
185,Jun-26,FTE,Rest of World,South African,2272.51,1569.21,312.5,142.6,12.85,23.59,0.0,73.54,43.01,5.0,11.0,0.91,0.0,509.56,37.24,68.0,641.9,463.13,337.83,15.8,109.5,239.17,11.51,33.45,130.08,64.13,1.0,ZA,South Africa
186,Jun-26,FTE,Rest of World,South Korean,222.01,177.02,76.42,5.4,1.0,2.5,0.0,22.78,17.93,10.82,16.0,0.0,0.0,45.39,0.0,0.0,55.21,30.19,16.65,0.0,13.53,14.8,0.0,1.0,10.93,2.87,0.0,KR,South Korea
187,Jun-26,FTE,Rest of World,South Sudanese,4.73,0.0,0.0,0.0,0.0,0.0,0.0,0.0,0.0,0.0,0.0,0.0,0.0,0.0,0.0,0.0,0.0,3.0,2.0,0.0,1.0,1.73,0.0,0.0,0.0,1.73,0.0,SS,South Sudan
188,Jun-26,FTE,Rest of World,Sri Lankan,3915.72,2888.29,1840.66,464.87,118.81,418.06,3.0,374.34,362.43,56.7,39.63,2.82,0.0,767.73,1.0,0.95,277.96,740.84,536.12,7.76,196.97,286.58,1.0,14.9,113.67,157.01,0.0,LK,Sri Lanka
189,Jun-26,FTE,Rest of World,Sudanese,1737.69,1655.09,1574.65,180.69,18.0,189.65,1.0,709.91,440.84,22.8,11.0,0.72,0.05,14.82,0.0,1.0,64.62,55.88,38.89,2.48,14.51,26.72,0.0,3.0,10.0,13.72,0.0,SD,Sudan
190,Jun-26,FTE,Rest of World,Surinamese,1.0,0.0,0.0,0.0,0.0,0.0,0.0,0.0,0.0,0.0,0.0,0.0,0.0,0.0,0.0,0.0,0.0,1.0,0.0,0.0,1.0,0.0,0.0,0.0,0.0,0.0,0.0,SR,Suriname
191,Jun-26,FTE,Rest of World,Syrian,379.25,317.53,286.22,45.04,12.0,44.35,0.0,75.21,89.04,11.0,8.84,0.73,0.0,8.44,0.0,0.0,22.87,50.17,33.01,0.0,17.17,11.55,0.0,0.0,8.67,2.88,0.0,SY,Syria
192,Jun-26,FTE,Rest of World,Taiwanese,91.99,70.09,36.77,3.0,0.0,0.0,0.0,7.74,11.96,6.93,7.0,0.15,0.0,13.52,0.0,0.0,19.8,15.9,11.8,0.0,4.1,6.0,1.0,1.0,4.0,0.0,0.0,TW,Taiwan
193,Jun-26,FTE,Rest of World,Tajikistani,2.92,1.92,0.0,0.0,0.0,0.0,0.0,0.0,0.0,0.0,0.0,0.0,0.0,0.0,0.92,0.0,1.0,1.0,1.0,0.0,0.0,0.0,0.0,0.0,0.0,0.0,0.0,TJ,Tajikistan
194,Jun-26,FTE,Rest of World,Tanzanian,225.51,103.7,21.67,3.0,0.0,2.0,0.0,8.98,6.69,0.0,1.0,0.0,0.0,60.75,1.0,0.0,20.28,94.52,84.01,0.77,9.75,27.29,0.0,2.0,7.8,17.49,0.0,TZ,Tanzania
195,Jun-26,FTE,Rest of World,Thai,418.19,115.6,74.66,6.35,1.0,0.0,0.0,22.69,25.0,11.62,8.0,0.0,0.0,24.48,0.0,0.0,16.46,137.26,110.85,0.0,26.41,165.34,0.0,0.0,13.68,151.66,0.0,TH,Thailand
196,Jun-26,FTE,Rest of World,Timorese,8.85,0.4,0.4,0.0,0.0,0.0,0.0,0.0,0.0,0.0,0.0,0.4,0.0,0.0,0.0,0.0,0.0,4.45,3.0,0.0,1.45,4.0,0.0,0.0,0.0,4.0,0.0,TL,Timor-Leste
197,Jun-26,FTE,Rest of World,Tobagonian,36.66,34.75,10.63,2.0,0.0,0.0,0.0,6.63,2.0,0.0,0.0,0.0,0.0,19.51,3.61,0.0,1.0,0.91,0.43,0.0,0.48,1.0,0.0,1.0,0.0,0.0,0.0,TT,Trinidad and Tobago
198,Jun-26,FTE,Rest of World,Togolese,16.16,4.61,0.0,0.0,0.0,0.0,0.0,0.0,0.0,0.0,0.0,0.0,0.0,4.61,0.0,0.0,0.0,6.43,6.43,0.0,0.0,5.12,0.0,0.0,2.0,3.12,0.0,TG,Togo
199,Jun-26,FTE,Rest of World,Tongan,1.0,1.0,1.0,0.0,0.0,1.0,0.0,0.0,0.0,0.0,0.0,0.0,0.0,0.0,0.0,0.0,0.0,0.0,0.0,0.0,0.0,0.0,0.0,0.0,0.0,0.0,0.0,TO,Tonga
200,Jun-26,FTE,Rest of World,Trinidadian,934.29,773.62,305.4,52.07,4.0,15.83,0.0,136.78,77.73,12.0,7.0,0.0,0.0,391.65,23.36,0.0,53.22,106.87,89.21,1.92,15.73,53.8,1.0,5.0,23.64,24.16,0.0,TT,Trinidad and Tobago
201,Jun-26,FTE,Rest of World,Tunisian,103.39,41.3,23.44,3.8,0.0,5.0,0.0,7.28,4.92,0.0,2.0,0.44,0.0,9.0,1.0,6.85,1.0,30.29,27.29,0.0,3.0,31.8,0.0,2.0,3.6,26.2,0.0,TN,Tunisia
202,Jun-26,FTE,Rest of World,Turkish,865.39,675.59,527.05,46.3,7.75,81.3,4.5,138.93,218.63,24.64,5.0,0.0,0.0,62.21,5.0,0.0,81.33,124.67,60.89,3.0,60.77,65.13,2.0,2.0,24.63,36.51,0.0,TR,Turkey
203,Jun-26,FTE,Rest of World,Turkmen,3.68,2.0,1.0,0.0,0.0,0.0,0.0,0.0,1.0,0.0,0.0,0.0,0.0,0.0,0.0,0.0,1.0,0.68,0.68,0.0,0.0,1.0,0.0,0.0,1.0,0.0,0.0,TM,Turkmenistan
204,Jun-26,FTE,Rest of World,Tuvaluan,1.87,1.87,0.87,0.87,0.0,0.0,0.0,0.0,0.0,0.0,0.0,0.0,0.0,0.0,0.0,0.0,1.0,0.0,0.0,0.0,0.0,0.0,0.0,0.0,0.0,0.0,0.0,TV,Tuvalu
205,Jun-26,FTE,Rest of World,Ugandan,917.06,445.46,44.38,7.65,2.0,1.0,0.0,15.0,16.74,2.0,0.0,0.0,0.0,307.47,7.15,0.0,86.47,377.5,321.5,4.47,51.53,94.1,0.0,9.0,38.5,46.59,0.0,UG,Uganda
206,Jun-26,FTE,Rest of World,Ukrainian,522.13,135.23,72.47,6.53,0.3,10.42,0.0,17.91,30.31,4.0,3.0,0.0,0.0,33.93,1.92,0.0,26.9,254.12,176.98,0.53,76.61,131.79,0.0,0.0,43.06,88.73,1.0,UA,Ukraine
207,Jun-26,FTE,Rest of World,Uruguayan,7.7,4.7,3.7,1.7,0.0,0.0,0.0,2.0,0.0,0.0,0.0,0.0,0.0,0.0,0.0,0.0,1.0,3.0,3.0,0.0,0.0,0.0,0.0,0.0,0.0,0.0,0.0,UY,Uruguay
208,Jun-26,FTE,Rest of World,Uzbekistani,23.9,11.27,6.66,0.0,0.0,3.66,0.0,1.0,2.0,0.0,0.0,0.0,0.0,3.61,0.0,0.0,1.0,6.84,5.84,0.0,1.0,5.79,1.0,0.0,2.0,2.79,0.0,UZ,Uzbekistan
209,Jun-26,FTE,Rest of World,Uzbekistani,23.9,11.27,6.66,0.0,0.0,3.66,0.0,1.0,2.0,0.0,0.0,0.0,0.0,3.61,0.0,0.0,1.0,6.84,5.84,0.0,1.0,5.79,1.0,0.0,2.0,2.79,0.0,UZ,Uzbekistan
210,Jun-26,FTE,Rest of World,Venezuelan,64.43,26.04,14.48,4.5,0.0,4.2,0.0,3.0,2.78,0.0,0.0,0.0,0.0,3.51,0.0,0.0,8.05,23.19,16.51,0.43,6.25,15.2,0.0,1.0,2.0,12.2,0.0,VE,Venezuela
211,Jun-26,FTE,Rest of World,Vietnamese,79.65,44.26,14.58,1.0,0.0,0.0,0.0,3.0,6.58,1.0,3.0,0.0,0.0,5.53,0.0,0.0,24.15,22.05,12.71,0.0,9.34,13.34,0.0,0.0,8.0,5.34,0.0,VN,Vietnam
212,Jun-26,FTE,Rest of World,Virgin Islander,1.0,1.0,0.0,0.0,0.0,0.0,0.0,0.0,0.0,0.0,0.0,0.0,0.0,1.0,0.0,0.0,0.0,0.0,0.0,0.0,0.0,0.0,0.0,0.0,0.0,0.0,0.0,VI,United States Virgin Island
213,Jun-26,FTE,Rest of World,Yemeni,81.93,64.43,53.02,2.0,0.0,12.0,0.0,23.02,13.0,1.0,2.0,0.0,0.0,3.47,1.0,0.0,6.95,10.84,7.59,0.0,3.25,6.66,0.0,0.0,5.5,1.16,0.0,YE,Yemen
214,Jun-26,FTE,Rest of World,Zambian,993.98,804.61,35.09,8.54,1.0,5.0,1.0,8.83,8.72,1.0,1.0,0.0,0.0,617.3,95.87,0.0,56.35,153.08,128.1,4.26,20.72,36.29,2.0,2.0,19.52,12.77,0.0,ZM,Zambia
215,Jun-26,FTE,Rest of World,Zimbabwean,6831.44,4512.15,176.05,25.98,0.0,19.7,0.0,69.43,42.88,9.87,6.89,1.3,0.0,3695.53,73.87,10.0,556.7,2009.59,1728.17,28.73,252.69,308.69,11.0,41.9,141.98,113.82,1.0,ZW,Zimbabwe
216,Jun-26,FTE,Unknown,Unknown,14000.93,6502.25,1124.59,483.91,35.82,114.54,10.76,140.82,237.26,56.79,26.14,12.93,5.63,2949.52,192.34,893.22,1342.58,4420.04,2588.27,849.09,982.68,3076.64,94.39,358.31,1173.42,1450.52,2.0,,
